S No.,Video Title,Link,Upload Date,Views,Likes,Comments,Transcript/Transcript Link,transcript,Topic,Tone,transcript_cleaned,cleaned_transcript,sentiment_polarity,sentiment_subjectivity,sentiment_label
1,Why I Quit Working At An Amazon Warehouse Job,https://www.youtube.com/watch?v=-Uwcl9UsO9g,Jan 2025,17036,,256,Cleaned Transcript-Video 1," In this video, I want to talk about Amazon—what it’s like to work at an Amazon warehouse, why I left, whether it’s for you, and what happens on your first day. This is my personal opinion, and I’ll be honest.
First day / orientation:
 On your first day, you go to orientation. They show you a presentation on a projector—basically a screen you stare at for an hour or two (maybe more). That’s considered training, but honestly you can’t really learn warehouse work just by staring at a screen for hours.
After orientation, they take you into the warehouse. I’m a blue-collar worker (welder/metal fabricator) and I’ve used tools my whole life, but warehouse work was a completely different world—and not in a good way. The videos they show are very animated and make the job look easier and nicer than it actually is.
When I walked into the warehouse, it felt robotic—like a machine-based operation where you’re expected to function like a machine. The work is repetitive and you’re on your feet for long hours.
Role and tasks (shipping/receiving):
 I worked overnight shifts (the only position available). The pay wasn’t good—around $18.50/hour (in 2023). It was full-time with benefits, so I took it while I was in welding school.
In shipping/receiving, you’re working around a large conveyor belt. You have a station/aisle and you scan packages and place them into assigned bins/locations. Sometimes you’re the person taking items off the conveyor belt and loading them into carts, and other people behind you scan and place them in the aisles.
That part was stressful because if you’re slow—even for a moment—packages pile up. Eventually the conveyor belt has to stop and someone has to come help you clear the backlog, then they turn it back on. It can get overwhelming fast.
Training and pace:
 There wasn’t much real training. They show you the basics and then you’re expected to perform quickly. The system feels designed to rush you and push you to move faster. Everything is time-based: trucks arrive on schedule, packages must be scanned and sorted quickly, and delays create more pressure. That’s why turnover is high.
Breaks and rules:
 Breaks were 45 minutes (overnight). On my first break I took a 30-minute nap because I was exhausted. People rely on energy drinks, but no matter what, fatigue catches up with you.
You have to be back from break exactly on time. I was told that if you’re even one minute late, they can deduct time from your paycheck (I heard something like 10 minutes deducted).
Bathroom breaks felt controlled. You often have to ask for permission, and managers act like they can’t stop the conveyor belt. The first time I asked, someone even asked how long I’d be gone and told me not to take more than 10 minutes.
Being monitored / micromanaged:
 One day I had to use the bathroom and I just left because I couldn’t find anyone to ask. When I came back, a manager approached with a computer and said it showed exactly how long I was gone (down to seconds). He even asked if I needed a doctor’s note. That’s when I realized how closely everything is monitored.
To me, you’re treated like a number. It felt like the military in that sense—just a number in the system.
Why I left / advice:
 After about a month, I couldn’t do it anymore. I was getting no sleep because I worked overnight and also had welding school at 5:00 PM. It caught up with my body and I felt mentally drained all the time.
If you’re thinking about working at an Amazon warehouse, I’d recommend reconsidering. Don’t do it just for the benefits—lots of jobs have benefits now. If you want to build skills, a warehouse job isn’t the best place for that. If you do take it, use it as a short-term stepping stone, not a long-term plan.
If you don’t like being micromanaged or watched constantly, it’s not the job for you. Pack your own food because vending machine food is expensive. Wear comfortable clothes, and get comfortable composite-toe boots if you can (they’re lighter).
That’s my experience. I would never work there again.",Onboarding + Quotas + Micromanagement + Breaks/Bathroom,Negative,video want talk amazon—what it’s like work amazon warehouse left whether it’s happens first day personal opinion i’ll honest first day orientation first day go orientation show presentation projector—basically screen stare hour two maybe that’s considered training honestly can’t really learn warehouse work staring screen hours orientation take warehouse i’m bluecollar worker weldermetal fabricator i’ve used tools whole life warehouse work completely different world—and good way videos show animated make job look easier nicer actually walked warehouse felt robotic—like machinebased operation you’re expected function like machine work repetitive you’re feet long hours role tasks shippingreceiving worked overnight shifts position available pay wasn’t good—around 1850hour 2023 fulltime benefits took welding school shippingreceiving you’re working around large conveyor belt stationaisle scan packages place assigned binslocations sometimes you’re person taking items conveyor belt loading carts people behind scan place aisles part stressful you’re slow—even moment—packages pile eventually conveyor belt stop someone come help clear backlog turn back get overwhelming fast training pace wasn’t much real training show basics you’re expected perform quickly system feels designed rush push move faster everything timebased trucks arrive schedule packages must scanned sorted quickly delays create pressure that’s turnover high breaks rules breaks 45 minutes overnight first break took 30minute nap exhausted people rely energy drinks matter fatigue catches back break exactly time told you’re even one minute late deduct time paycheck heard something like 10 minutes deducted bathroom breaks felt controlled often ask permission managers act like can’t stop conveyor belt first time asked someone even asked long i’d gone told take 10 minutes monitored micromanaged one day use bathroom left couldn’t find anyone ask came back manager approached computer said showed exactly long gone seconds even asked needed doctor’s note that’s realized closely everything monitored you’re treated like number felt like military sense—just number system left advice month couldn’t anymore getting sleep worked overnight also welding school 500 pm caught body felt mentally drained time you’re thinking working amazon warehouse i’d recommend reconsidering don’t benefits—lots jobs benefits want build skills warehouse job isn’t best place take use shortterm stepping stone longterm plan don’t like micromanaged watched constantly it’s job pack food vending machine food expensive wear comfortable clothes get comfortable compositetoe boots they’re lighter that’s experience would never work,video want talk amazon—what it’s like work amazon warehouse left whether it’s happens first day personal opinion i’ll honest first day orientation first day go orientation show presentation projector—basically screen stare hour two maybe that’s considered training honestly can’t really learn warehouse work staring screen hours orientation take warehouse i’m bluecollar worker weldermetal fabricator i’ve used tools whole life warehouse work completely different world—and good way videos show animated make job look easier nicer actually walked warehouse felt robotic—like machinebased operation you’re expected function like machine work repetitive you’re feet long hours role tasks shippingreceiving worked overnight shifts position available pay wasn’t good—around 1850hour 2023 fulltime benefits took welding school shippingreceiving you’re working around large conveyor belt stationaisle scan packages place assigned binslocations sometimes you’re person taking items conveyor belt loading carts people behind scan place aisles part stressful you’re slow—even moment—packages pile eventually conveyor belt stop someone come help clear backlog turn back get overwhelming fast training pace wasn’t much real training show basics you’re expected perform quickly system feels designed rush push move faster everything timebased trucks arrive schedule packages must scanned sorted quickly delays create pressure that’s turnover high breaks rules breaks 45 minutes overnight first break took 30minute nap exhausted people rely energy drinks matter fatigue catches back break exactly time told you’re even one minute late deduct time paycheck heard something like 10 minutes deducted bathroom breaks felt controlled often ask permission managers act like can’t stop conveyor belt first time asked someone even asked long i’d gone told take 10 minutes monitored micromanaged one day use bathroom left couldn’t find anyone ask came back manager approached computer said showed exactly long gone seconds even asked needed doctor’s note that’s realized closely everything monitored you’re treated like number felt like military sense—just number system left advice month couldn’t anymore getting sleep worked overnight also welding school 500 pm caught body felt mentally drained time you’re thinking working amazon warehouse i’d recommend reconsidering don’t benefits—lots jobs benefits want build skills warehouse job isn’t best place take use shortterm stepping stone longterm plan don’t like micromanaged watched constantly it’s job pack food vending machine food expensive wear comfortable clothes get comfortable compositetoe boots they’re lighter that’s experience would never work,0.1253544973544974,0.4011534391534393,positive
2,What The Amazon Flex Overnight Shift Looks Like In The Hood,https://www.youtube.com/watch?v=pX1AZEj8a3Y,Jun 2025,605542,14000.0,1183,Cleaned Transcript-Video 2," It’s 2:00 in the morning. Have you ever woken up in the middle of the night and thought, “Damn, I want to work”? Me neither. But Amazon Flex has work for you. I picked up a 3:30 a.m. shift at Amazon—let’s go.
It’s cold. Honestly, I don’t even know why I’m up. I played tennis around noon, did chores, took a shower, went to sleep, and my schedule got messed up. I opened the Amazon Flex app and, of course, there are 3:00 a.m. shifts. I want to show you what the graveyard shift is like.
Arriving at the delivery station:
 I get there around 3:15. We’re in a garage with a lot of electric vehicles. One cool thing is that Amazon warehouses are all the same but different—each one has its own design. It’s 3:21 a.m. and I have a three-and-a-half-hour block.
I scan in and… 45 packages. Are you kidding me? I’m sorting them 1 through 45 so it’s easier to find each stop. In my Honda Civic, it’s packed. The itinerary is 41 stops, 45 packages, and we’re delivering in the hood.
There are two places you don’t want to be at 3:00 a.m.: the countryside (where you can’t see anything), or the hood—unfortunately, that’s where I’m going. First stop is eight minutes away.
Delivering at night:
 The stops are close together—less than five minutes, sometimes less than three. But delivering in the hood is stressful. There’s no parking, lots of one-way streets, and people are out on the streets. I’ve delivered here before and didn’t like it, but I’ve never done it at 3:00 a.m.
I’m skeptical about leaving my car running while I deliver—anyone could jump out. I have the key fob in my pocket, but it still feels risky.
At one building, I can’t get into the mailroom even with the code, so I leave the package by the door. I call it a half success, half fail. All I can do is hope it’s fine.
Some places are easier, like Amazon lockers. Overnight, one benefit is the streets are empty—during the day, these streets are packed. But you still have to be careful, especially if there’s police around.
Finishing the shift:
 By the time the sky starts turning brighter, it’s almost 6:00 and the sun is coming up. We’re almost done—only a few packages left.
That’s it. We finished the graveyard shift. It’s 6:30 a.m., and we completed the 3.5-hour block with about 30 minutes to spare. It paid $77 for around 40 stops. Would I do it again? Maybe—maybe in the summertime. It wasn’t too bad today since we were downtown, the nicer part of the area.
I had one package I couldn’t deliver because I couldn’t access the building, so I returned it to the Amazon hub. Now I’m going to spend a few minutes watching the sunrise.",Amazon Flex graveyard shift + Route safety + Access issues + Pay,Mixed,it’s 200 morning ever woken middle night thought “damn want work” neither amazon flex work picked 330 shift amazon—let’s go it’s cold honestly don’t even know i’m played tennis around noon chores took shower went sleep schedule got messed opened amazon flex app course 300 shifts want show graveyard shift like arriving delivery station get around 315 we’re garage lot electric vehicles one cool thing amazon warehouses different—each one design it’s 321 threeandahalfhour block scan and… 45 packages kidding i’m sorting 1 45 it’s easier find stop honda civic it’s packed itinerary 41 stops 45 packages we’re delivering hood two places don’t want 300 countryside can’t see anything hood—unfortunately that’s i’m going first stop eight minutes away delivering night stops close together—less five minutes sometimes less three delivering hood stressful there’s parking lots oneway streets people streets i’ve delivered didn’t like i’ve never done 300 i’m skeptical leaving car running deliver—anyone could jump key fob pocket still feels risky one building can’t get mailroom even code leave package door call half success half fail hope it’s fine places easier like amazon lockers overnight one benefit streets empty—during day streets packed still careful especially there’s police around finishing shift time sky starts turning brighter it’s almost 600 sun coming we’re almost done—only packages left that’s finished graveyard shift it’s 630 completed 35hour block 30 minutes spare paid 77 around 40 stops would maybe—maybe summertime wasn’t bad today since downtown nicer part area one package couldn’t deliver couldn’t access building returned amazon hub i’m going spend minutes watching sunrise,it’s 200 morning ever woken middle night thought “damn want work” neither amazon flex work picked 330 shift amazon—let’s go it’s cold honestly don’t even know i’m played tennis around noon chores took shower went sleep schedule got messed opened amazon flex app course 300 shifts want show graveyard shift like arriving delivery station get around 315 we’re garage lot electric vehicles one cool thing amazon warehouses different—each one design it’s 321 threeandahalfhour block scan and… 45 packages kidding i’m sorting 1 45 it’s easier find stop honda civic it’s packed itinerary 41 stops 45 packages we’re delivering hood two places don’t want 300 countryside can’t see anything hood—unfortunately that’s i’m going first stop eight minutes away delivering night stops close together—less five minutes sometimes less three delivering hood stressful there’s parking lots oneway streets people streets i’ve delivered didn’t like i’ve never done 300 i’m skeptical leaving car running deliver—anyone could jump key fob pocket still feels risky one building can’t get mailroom even code leave package door call half success half fail hope it’s fine places easier like amazon lockers overnight one benefit streets empty—during day streets packed still careful especially there’s police around finishing shift time sky starts turning brighter it’s almost 600 sun coming we’re almost done—only packages left that’s finished graveyard shift it’s 630 completed 35hour block 30 minutes spare paid 77 around 40 stops would maybe—maybe summertime wasn’t bad today since downtown nicer part area one package couldn’t deliver couldn’t access building returned amazon hub i’m going spend minutes watching sunrise,-0.05784313725490195,0.4852941176470588,neutral
3,Come To WORK With Me 📦 | Amazon MORNING SHIFT,https://www.youtube.com/watch?v=GDu6cmst__A,March 2024,27852,510.0,52,Cleaned Transcript-Video 3," Hi everyone. As you saw in the title, you’re coming along with me to work a 10-hour shift at Amazon. It’s 8:38 p.m. right now, and before filming I took a two-hour nap. It’s okay to rest—your body needs it so you feel prepared and motivated.
I work at an Amazon fulfillment center. In my role, we sort boxes using a scanner. In some areas, you don’t scan—you take boxes from a lane and place them into a larger box. There are different positions throughout the warehouse: non-con, shoe sort, “under the mezz,” container loading, and container building. The tasks are similar, but not exactly the same, so if you feel bored you can move to another position.
I’ve seen people say Amazon was the worst job of their life and that they overwork you. I think every warehouse is different depending on management and your position, but at my warehouse it’s actually pretty chill. One reason I like the job is that if I really don’t want to work, sometimes they offer VTO (voluntary time off). For example, if I don’t want to work my 4:30 a.m. shift, I can check for VTO, accept it, and take the day off (you just don’t get paid for that day). If you want extra cash, you can pick up shifts. Sometimes there’s a $3 premium shift—so if you normally make $18/hour, you can earn $21/hour.
My regular schedule is 4:30 a.m. to 3:00 p.m. Today I’m packing my lunch and getting ready for work.
Starting the shift:
 I wake up around 3:00 a.m., get ready quickly, grab my lunch, snacks, and head to work. There’s a locker room for employees (first come, first served). I put my stuff away and start the day.
At Amazon there are different roles. Today I was assigned to “under the mezz.” That means taking smaller boxes and putting them into a bigger box called a “shuttle.” That’s basically what I do for the shift: take Amazon packages and load them into the shuttle. We also wrap the shuttle so the smaller boxes don’t fall out—if boxes fall, it takes a lot of patience to fix.
Breaks and pacing:
 I take quick moments to stretch and drink water. The break room is big and there are vending machines. We have a 15-minute break, and I sometimes go to my car for quiet because it’s noisy inside. Later there’s a 30-minute lunch break, and then another 15-minute break later in the shift.
If you’re confused about how roles work, there’s a learning ambassador (trainer) who trains you for about three days or a week depending on your role.
Overall, I think Amazon can be a decent place to work, especially part-time for extra cash, but it depends on the person. A 10-hour shift isn’t easy, but I did it because the $3 premium pay made it worth it for me.",10-hour shift routine + Roles/rotation + VTO/extra pay + Breaks,Mixed (leans positive),hi everyone saw title you’re coming along work 10hour shift amazon it’s 838 pm right filming took twohour nap it’s okay rest—your body needs feel prepared motivated work amazon fulfillment center role sort boxes using scanner areas don’t scan—you take boxes lane place larger box different positions throughout warehouse noncon shoe sort “under mezz” container loading container building tasks similar exactly feel bored move another position i’ve seen people say amazon worst job life overwork think every warehouse different depending management position warehouse it’s actually pretty chill one reason like job really don’t want work sometimes offer vto voluntary time example don’t want work 430 shift check vto accept take day don’t get paid day want extra cash pick shifts sometimes there’s 3 premium shift—so normally make 18hour earn 21hour regular schedule 430 300 pm today i’m packing lunch getting ready work starting shift wake around 300 get ready quickly grab lunch snacks head work there’s locker room employees first come first served put stuff away start day amazon different roles today assigned “under mezz” means taking smaller boxes putting bigger box called “shuttle” that’s basically shift take amazon packages load shuttle also wrap shuttle smaller boxes don’t fall out—if boxes fall takes lot patience fix breaks pacing take quick moments stretch drink water break room big vending machines 15minute break sometimes go car quiet it’s noisy inside later there’s 30minute lunch break another 15minute break later shift you’re confused roles work there’s learning ambassador trainer trains three days week depending role overall think amazon decent place work especially parttime extra cash depends person 10hour shift isn’t easy 3 premium pay made worth,hi everyone saw title you’re coming along work 10hour shift amazon it’s 838 pm right filming took twohour nap it’s okay rest—your body needs feel prepared motivated work amazon fulfillment center role sort boxes using scanner areas don’t scan—you take boxes lane place larger box different positions throughout warehouse noncon shoe sort “under mezz” container loading container building tasks similar exactly feel bored move another position i’ve seen people say amazon worst job life overwork think every warehouse different depending management position warehouse it’s actually pretty chill one reason like job really don’t want work sometimes offer vto voluntary time example don’t want work 430 shift check vto accept take day don’t get paid day want extra cash pick shifts sometimes there’s 3 premium shift—so normally make 18hour earn 21hour regular schedule 430 300 pm today i’m packing lunch getting ready work starting shift wake around 300 get ready quickly grab lunch snacks head work there’s locker room employees first come first served put stuff away start day amazon different roles today assigned “under mezz” means taking smaller boxes putting bigger box called “shuttle” that’s basically shift take amazon packages load shuttle also wrap shuttle smaller boxes don’t fall out—if boxes fall takes lot patience fix breaks pacing take quick moments stretch drink water break room big vending machines 15minute break sometimes go car quiet it’s noisy inside later there’s 30minute lunch break another 15minute break later shift you’re confused roles work there’s learning ambassador trainer trains three days week depending role overall think amazon decent place work especially parttime extra cash depends person 10hour shift isn’t easy 3 premium pay made worth,0.05682110682110681,0.4381793881793882,neutral
4,1 month at an Amazon Warehouse… (First Day experience included),https://www.youtube.com/watch?v=Z6LBZoNx9bw,Oct 2025,1240,33.0,11,Cleaned Transcript-Video 4,"Today is officially my first day working at the Amazon warehouse. I’ve been there about a month (a month and a half, but I’ll say a month to keep it simple), and I want to share what you should know.
First day / orientation:
 On the first day, everyone gathers at the front of the building and they direct you into a classroom. You sit there for most of the shift while they give a presentation: where everything is in the facility, the guidelines, and rules. You’re not allowed to film inside the facility—if you’re caught recording, you can lose your job.
They give you a few things during orientation, like a clear bag to carry your items. Every time you leave the facility, you go through a security checkpoint with metal detectors to make sure you’re not stealing anything or bringing in prohibited items.
After orientation, the second day is when you actually go out to the floor and into your department.
Shifts and scheduling:
 Most workers do 10-hour shifts. Amazon also has a flex schedule where you can create your own schedule. There are different flex options (for example, one that requires only a few hours a week and another that requires around 30 hours/week to keep your job). With flex, you can choose morning, mid-day, or night shifts.
Right now I’m on a “donut schedule”: Monday and Tuesday on, Wednesday off, Thursday and Friday on, and weekends off.
Department and work (Ship Dock):
 I work in Ship Dock. Packages drop into carts and either I move the carts onto the floor to be loaded onto trucks, or I move carts from the floor onto the trucks. The work is simple but involves a lot of walking. When I tracked it, I walked around 30,000 steps a day. It kills your feet, so invest in good insoles (like Dr. Scholl’s) or comfortable shoes.
In Ship Dock you need steel-toe safety shoes. Amazon gives you a credit to get them for free, so use it.
Pay and getting paid:
 Pay varies by state. In Virginia, I make about $19/hour now. Before, it was about $18.60/hour. We get paid every Wednesday. When you first start, you may have to wait two weeks for your first paycheck. They do that so people don’t work one week and quit immediately.
Amazon isn’t for the weak. The work itself isn’t always bad, but the hours are long. If you can handle long shifts mentally, you’ll be okay.
VTO (Voluntary Time Off):
 Every so often they offer VTO, which lets you drop your shift with no consequences—you just don’t get paid that day. If you see VTO and want it, you have to take it quickly because someone else will grab it. If you really need money, don’t take it. But if you want a “get out of jail” card, VTO is great.
They offer VTO because sometimes there are too many workers in the building and not enough work. So they send some people home to balance labor costs.
PTO and vacation:
 For regular workers, you earn PTO. The earn rate is about 55 minutes per 10-hour shift. So if you use one hour of PTO, that’s basically a whole day of work you’re sacrificing. Flex workers may not get PTO because they can choose their schedule.
For vacation time, you usually have to request it about two weeks in advance. You may need PTO to cover it, or you can shift-swap. If you shift-swap, someone has to pick up your shift—if nobody picks it up, you might be stuck. But usually someone picks it up quickly because there are a lot of people at the facility.
Overnight work and fatigue:
 For me, the hardest part is the hours. Working overnight isn’t hard because of the start time—it’s getting off at 4:30 a.m., sometimes 5:00 a.m. with overtime. You get home when everyone is asleep, and you really only enjoy your off days. Around the 6–7 hour mark, you’re ready to leave, but leaving early costs a lot of PTO.
Breaks:
 You get two 30-minute breaks. The first is around the 10:00 mark (10 a.m. or 10 p.m.), and the second around the 2:00 mark (2 a.m. or 2 p.m.), depending on your shift. Some departments are strict about break times; others are more flexible, so ask your manager.
Thirty minutes sounds like a lot until you actually try to go somewhere. There aren’t many food places close to my facility. If you leave to get food and come back, you can easily go over break time. I recommend bringing your own food or buying from the break room occasionally—buying all the time adds up.
Managers / rules:
 Managers vary by department and building. Most of mine are chill, but some are strict about rules like no earbuds and no phone use. Some managers might be relaxed and say, “Just don’t do it around the strict managers and make sure the work gets done.”
Some people say managers are strict about bathroom breaks. For me, it’s not like that, but it depends on your department and building.
Overall recommendation:
 Would I recommend Amazon? It depends. The pay is good, and the work itself isn’t always bad, but the long 10-hour shifts are tough mentally. I wouldn’t do it long-term, but you can build a career there if you’re committed to moving up.
Also, you may have to work certain holidays like Thanksgiving, Christmas, and New Year’s.",First month overview + Schedules + Pay + PTO/VTO + Breaks + Managers,Mixed,today officially first day working amazon warehouse i’ve month month half i’ll say month keep simple want share know first day orientation first day everyone gathers front building direct classroom sit shift give presentation everything facility guidelines rules you’re allowed film inside facility—if you’re caught recording lose job give things orientation like clear bag carry items every time leave facility go security checkpoint metal detectors make sure you’re stealing anything bringing prohibited items orientation second day actually go floor department shifts scheduling workers 10hour shifts amazon also flex schedule create schedule different flex options example one requires hours week another requires around 30 hoursweek keep job flex choose morning midday night shifts right i’m “donut schedule” monday tuesday wednesday thursday friday weekends department work ship dock work ship dock packages drop carts either move carts onto floor loaded onto trucks move carts floor onto trucks work simple involves lot walking tracked walked around 30000 steps day kills feet invest good insoles like dr scholl’s comfortable shoes ship dock need steeltoe safety shoes amazon gives credit get free use pay getting paid pay varies state virginia make 19hour 1860hour get paid every wednesday first start may wait two weeks first paycheck people don’t work one week quit immediately amazon isn’t weak work isn’t always bad hours long handle long shifts mentally you’ll okay vto voluntary time every often offer vto lets drop shift consequences—you don’t get paid day see vto want take quickly someone else grab really need money don’t take want “get jail” card vto great offer vto sometimes many workers building enough work send people home balance labor costs pto vacation regular workers earn pto earn rate 55 minutes per 10hour shift use one hour pto that’s basically whole day work you’re sacrificing flex workers may get pto choose schedule vacation time usually request two weeks advance may need pto cover shiftswap shiftswap someone pick shift—if nobody picks might stuck usually someone picks quickly lot people facility overnight work fatigue hardest part hours working overnight isn’t hard start time—it’s getting 430 sometimes 500 overtime get home everyone asleep really enjoy days around 6–7 hour mark you’re ready leave leaving early costs lot pto breaks get two 30minute breaks first around 1000 mark 10 10 pm second around 200 mark 2 2 pm depending shift departments strict break times others flexible ask manager thirty minutes sounds like lot actually try go somewhere aren’t many food places close facility leave get food come back easily go break time recommend bringing food buying break room occasionally—buying time adds managers rules managers vary department building mine chill strict rules like earbuds phone use managers might relaxed say “just don’t around strict managers make sure work gets done” people say managers strict bathroom breaks it’s like depends department building overall recommendation would recommend amazon depends pay good work isn’t always bad long 10hour shifts tough mentally wouldn’t longterm build career you’re committed moving also may work certain holidays like thanksgiving christmas new year’s,today officially first day working amazon warehouse i’ve month month half i’ll say month keep simple want share know first day orientation first day everyone gathers front building direct classroom sit shift give presentation everything facility guidelines rules you’re allowed film inside facility—if you’re caught recording lose job give things orientation like clear bag carry items every time leave facility go security checkpoint metal detectors make sure you’re stealing anything bringing prohibited items orientation second day actually go floor department shifts scheduling workers 10hour shifts amazon also flex schedule create schedule different flex options example one requires hours week another requires around 30 hoursweek keep job flex choose morning midday night shifts right i’m “donut schedule” monday tuesday wednesday thursday friday weekends department work ship dock work ship dock packages drop carts either move carts onto floor loaded onto trucks move carts floor onto trucks work simple involves lot walking tracked walked around 30000 steps day kills feet invest good insoles like dr scholl’s comfortable shoes ship dock need steeltoe safety shoes amazon gives credit get free use pay getting paid pay varies state virginia make 19hour 1860hour get paid every wednesday first start may wait two weeks first paycheck people don’t work one week quit immediately amazon isn’t weak work isn’t always bad hours long handle long shifts mentally you’ll okay vto voluntary time every often offer vto lets drop shift consequences—you don’t get paid day see vto want take quickly someone else grab really need money don’t take want “get jail” card vto great offer vto sometimes many workers building enough work send people home balance labor costs pto vacation regular workers earn pto earn rate 55 minutes per 10hour shift use one hour pto that’s basically whole day work you’re sacrificing flex workers may get pto choose schedule vacation time usually request two weeks advance may need pto cover shiftswap shiftswap someone pick shift—if nobody picks might stuck usually someone picks quickly lot people facility overnight work fatigue hardest part hours working overnight isn’t hard start time—it’s getting 430 sometimes 500 overtime get home everyone asleep really enjoy days around 6–7 hour mark you’re ready leave leaving early costs lot pto breaks get two 30minute breaks first around 1000 mark 10 10 pm second around 200 mark 2 2 pm depending shift departments strict break times others flexible ask manager thirty minutes sounds like lot actually try go somewhere aren’t many food places close facility leave get food come back easily go break time recommend bringing food buying break room occasionally—buying time adds managers rules managers vary department building mine chill strict rules like earbuds phone use managers might relaxed say “just don’t around strict managers make sure work gets done” people say managers strict bathroom breaks it’s like depends department building overall recommendation would recommend amazon depends pay good work isn’t always bad long 10hour shifts tough mentally wouldn’t longterm build career you’re committed moving also may work certain holidays like thanksgiving christmas new year’s,0.11970632248410028,0.4184692879137323,positive
5,Amazon Workers Are MASS QUITTING After Insane Working Conditions And Low Pay,https://www.youtube.com/watch?v=AZGgdKB8_w0,Jul 2025,34078,1200.0,539,Cleaned Transcript-Video 5," I’m quitting. I’m done.
To my fellow courier drivers—how do you do this for a year, two years, five years? This job is exhausting. My body hurts. Does it ever get easier? The workload doesn’t change.
I keep seeing videos of people quitting Amazon, especially drivers, but also warehouse workers. I’m not saying everyone is quitting, but a lot of people leave after they realize the job isn’t what they expected. People hear “$20 an hour,” get excited, and then get there and find out it’s very labor-intensive with high expectations. Productivity is the priority.
One person in the clips said he quit on the first day because the work was too intense and he felt the job was far more demanding than expected.
In general, this is a physically demanding job. You can’t go in expecting easy money. You’re using your hands, legs, and body—moving boxes for hours. You’ll be sore after work. Whether it’s worth it depends on where you are in life. If you need the money to support your family, you make it work. If it’s just a side job and you don’t need it, you might walk away.
Another worker described his first day delivering: they gave him a truck packed full of packages and expected him to finish the route in about 4.5–5 hours. He said he had a stop where 100 packages went to one building, and he had to place each package individually into a locker. Even then, he was told he was taking too long. He mentioned delivering in downtown Chicago where traffic and crowds slow everything down. He said taking a 30-minute break could make you late on your route.
He also complained about strict driving/route violations—saying small mistakes like missing a stop sign or timing a yellow light could lead to suspension.
A driver also raised a safety concern: dog bites. He said he had been bitten twice, and described other drivers being bitten as well. He urged customers to secure their dogs when drivers are delivering.
Overall, the message is that working conditions can be intense—high physical demands, tight time expectations, and safety risks—leading some drivers and workers to quit quickly.",Driver workload + Productivity pressure + Route constraints + Safety (dogs),Negative,i’m quitting i’m done fellow courier drivers—how year two years five years job exhausting body hurts ever get easier workload doesn’t change keep seeing videos people quitting amazon especially drivers also warehouse workers i’m saying everyone quitting lot people leave realize job isn’t expected people hear “20 hour” get excited get find it’s laborintensive high expectations productivity priority one person clips said quit first day work intense felt job far demanding expected general physically demanding job can’t go expecting easy money you’re using hands legs body—moving boxes hours you’ll sore work whether it’s worth depends life need money support family make work it’s side job don’t need might walk away another worker described first day delivering gave truck packed full packages expected finish route 45–5 hours said stop 100 packages went one building place package individually locker even told taking long mentioned delivering downtown chicago traffic crowds slow everything said taking 30minute break could make late route also complained strict drivingroute violations—saying small mistakes like missing stop sign timing yellow light could lead suspension driver also raised safety concern dog bites said bitten twice described drivers bitten well urged customers secure dogs drivers delivering overall message working conditions intense—high physical demands tight time expectations safety risks—leading drivers workers quit quickly,i’m quitting i’m done fellow courier drivers—how year two years five years job exhausting body hurts ever get easier workload doesn’t change keep seeing videos people quitting amazon especially drivers also warehouse workers i’m saying everyone quitting lot people leave realize job isn’t expected people hear “20 hour” get excited get find it’s laborintensive high expectations productivity priority one person clips said quit first day work intense felt job far demanding expected general physically demanding job can’t go expecting easy money you’re using hands legs body—moving boxes hours you’ll sore work whether it’s worth depends life need money support family make work it’s side job don’t need might walk away another worker described first day delivering gave truck packed full packages expected finish route 45–5 hours said stop 100 packages went one building place package individually locker even told taking long mentioned delivering downtown chicago traffic crowds slow everything said taking 30minute break could make late route also complained strict drivingroute violations—saying small mistakes like missing stop sign timing yellow light could lead suspension driver also raised safety concern dog bites said bitten twice described drivers bitten well urged customers secure dogs drivers delivering overall message working conditions intense—high physical demands tight time expectations safety risks—leading drivers workers quit quickly,0.0441031746031746,0.44871428571428573,neutral
6,What It’s Really Like to Work at Amazon: A Real Employee Review,https://www.youtube.com/watch?v=D4IRIAVxiAI,Sep 2025,1034,11.0,3,Cleaned Transcript-Video 6," Imagine a giant Amazon warehouse: shelves taller than a person, conveyors buzzing, boxes moving nonstop, workers in vests moving everywhere. In the middle of all that—me—one of thousands of employees, a small cog in a massive machine.
When I first got hired, it sounded great: stable job, solid pay, health insurance. They advertised around $18 to $22 an hour, and with overtime you could get close to $30 an hour. That’s roughly $3,500 to $4,000 a month, about $3,000 take-home after taxes. For someone without a college degree, it sounded like a dream. But the reality was different.
Day one / operations and tracking:
 On day one, you go through security—metal detectors, and you hand over your phone. The warehouse feels like a small city. My job was packing: boxes, tape, labels. The conveyor never stops, and you can’t slow down either. The quota is about 120 to 150 packages per hour. If you fall behind, the system marks you as “time off task.” Too many marks and you’re meeting with your manager, and you could get fired.
Shifts, physical load, and breaks:
 Shifts are 10 to 12 hours—four days on, three days off. That sounds okay, but after 12 hours on your feet, your days off feel like recovery days. Sometimes they call you for overtime. The pay jumps (around $27 to $32/hour), but after those shifts your legs feel like you ran a marathon.
The physical demand is heavy. You walk about 15 to 20 kilometers per shift—always moving. The scanner tracks every scan, every second. Even sitting down briefly becomes a problem. Breaks are short: two 15-minute breaks and one 30-minute lunch. And sometimes it takes five minutes just to walk to the break room, so a “15-minute break” can feel like seven minutes.
Pay and tradeoffs:
 The pay is good. I started at $21.50/hour. Night shifts paid an extra dollar, and overtime was time-and-a-half. That added up to around $3,800 to $4,000 a month before taxes, about $3,000 net. Sometimes there were small bonuses or discounts. Compared to places like Walmart or Target, Amazon paid better.
Working conditions and burnout:
 The downsides are real: constant soreness in your legs and back, and constant monitoring—cameras, scanners, sensors tracking your movements. Sometimes it felt like robots would have it easier than humans. In summer it’s too hot; in winter it’s too cold. People break down on shift. I’ve seen co-workers cry or walk out and never return.
Upsides and career path:
 There are upsides too: pay is on time, extra hours can mean serious money, and you get benefits like health insurance and stock. There are chances to move up—team lead or forklift operator roles can pay around $25 to $28/hour. If you can handle it, there’s a path forward.
Bottom line:
 Amazon isn’t heaven and it isn’t hell. It’s a conveyor belt. If you want money, you grind and endure. If you don’t, you leave. I lasted over a year. It’s good if you need to save up or stay afloat, but long-term it can burn you out fast. Customers see fast delivery, but they don’t see the people who spent 12 hours running across the warehouse to make it happen.",Warehouse reality check + Quotas/monitoring + Physical strain + Pay/benefits,Mixed (leans negative),imagine giant amazon warehouse shelves taller person conveyors buzzing boxes moving nonstop workers vests moving everywhere middle that—me—one thousands employees small cog massive machine first got hired sounded great stable job solid pay health insurance advertised around 18 22 hour overtime could get close 30 hour that’s roughly 3500 4000 month 3000 takehome taxes someone without college degree sounded like dream reality different day one operations tracking day one go security—metal detectors hand phone warehouse feels like small city job packing boxes tape labels conveyor never stops can’t slow either quota 120 150 packages per hour fall behind system marks “time task” many marks you’re meeting manager could get fired shifts physical load breaks shifts 10 12 hours—four days three days sounds okay 12 hours feet days feel like recovery days sometimes call overtime pay jumps around 27 32hour shifts legs feel like ran marathon physical demand heavy walk 15 20 kilometers per shift—always moving scanner tracks every scan every second even sitting briefly becomes problem breaks short two 15minute breaks one 30minute lunch sometimes takes five minutes walk break room “15minute break” feel like seven minutes pay tradeoffs pay good started 2150hour night shifts paid extra dollar overtime timeandahalf added around 3800 4000 month taxes 3000 net sometimes small bonuses discounts compared places like walmart target amazon paid better working conditions burnout downsides real constant soreness legs back constant monitoring—cameras scanners sensors tracking movements sometimes felt like robots would easier humans summer it’s hot winter it’s cold people break shift i’ve seen coworkers cry walk never return upsides career path upsides pay time extra hours mean serious money get benefits like health insurance stock chances move up—team lead forklift operator roles pay around 25 28hour handle there’s path forward bottom line amazon isn’t heaven isn’t hell it’s conveyor belt want money grind endure don’t leave lasted year it’s good need save stay afloat longterm burn fast customers see fast delivery don’t see people spent 12 hours running across warehouse make happen,imagine giant amazon warehouse shelves taller person conveyors buzzing boxes moving nonstop workers vests moving everywhere middle that—me—one thousands employees small cog massive machine first got hired sounded great stable job solid pay health insurance advertised around 18 22 hour overtime could get close 30 hour that’s roughly 3500 4000 month 3000 takehome taxes someone without college degree sounded like dream reality different day one operations tracking day one go security—metal detectors hand phone warehouse feels like small city job packing boxes tape labels conveyor never stops can’t slow either quota 120 150 packages per hour fall behind system marks “time task” many marks you’re meeting manager could get fired shifts physical load breaks shifts 10 12 hours—four days three days sounds okay 12 hours feet days feel like recovery days sometimes call overtime pay jumps around 27 32hour shifts legs feel like ran marathon physical demand heavy walk 15 20 kilometers per shift—always moving scanner tracks every scan every second even sitting briefly becomes problem breaks short two 15minute breaks one 30minute lunch sometimes takes five minutes walk break room “15minute break” feel like seven minutes pay tradeoffs pay good started 2150hour night shifts paid extra dollar overtime timeandahalf added around 3800 4000 month taxes 3000 net sometimes small bonuses discounts compared places like walmart target amazon paid better working conditions burnout downsides real constant soreness legs back constant monitoring—cameras scanners sensors tracking movements sometimes felt like robots would easier humans summer it’s hot winter it’s cold people break shift i’ve seen coworkers cry walk never return upsides career path upsides pay time extra hours mean serious money get benefits like health insurance stock chances move up—team lead forklift operator roles pay around 25 28hour handle there’s path forward bottom line amazon isn’t heaven isn’t hell it’s conveyor belt want money grind endure don’t leave lasted year it’s good need save stay afloat longterm burn fast customers see fast delivery don’t see people spent 12 hours running across warehouse make happen,0.039583333333333325,0.4273652882205514,neutral
7,Chilling working at am Amazon Fulfillment Center transportation associate,https://www.youtube.com/watch?v=vyWuYuB6hsg,2025-05,440,17.0,8,Cleaned Transcript-Video 7,"What’s up, YouTube? I’m going to show you a bit of what I do as a hostler driver in Amazon Transportation.
First, you inspect the trailer. After you inspect it, you come back, grab your “Tommy” phone, and document that there are no issues. If there is an issue, you enter what’s wrong in the system.
You put on gloves as part of PPE.
Parking policy and methods:
 There are only two ways we’re allowed to park a trailer at a dock door or parking slip. Amazon policy says we’re not allowed to “alley dock.” So we either do an S-turn or a U/J-turn.
An S-turn is when you pull up on the same side as the parking slip or dock door, go up about two slips or two dock doors, then crank the wheel all the way right, then all the way left, so you end up at an angle and can back in. Everyone has their own technique.
The benchmark is about 10 minutes. I can do it in five sometimes, but I stopped rushing. The faster I go, the more I end up doing other people’s work, and I got tired of that.
Trailer seal and procedure:
 When you get to the trailer, you cut the seal, open the doors, and park the trailer. You don’t throw the seal away or leave it on the ground—you put it in a bucket (an RFID bucket). To open, you open the passenger-side door first, then the driver-side. To close, you close the driver-side first, then the passenger-side.
Working conditions (heat / equipment):
 It gets really hot out here. The AC in these hostler vehicles isn’t great, and the small fan on top doesn’t work well. When it’s hot, I’m not going as fast anymore—I used to do five-minute moves, but not in this heat. I sweat a lot, so I slow down and try to get inside where there’s AC when I can. Hydration matters too.
Pay notes:
 I’m in California. Starting pay is around the mid-$20s per hour, and pay can increase every six months. But California is expensive, so that matters.",Yard/hostler job duties + Safety/PPE + Parking maneuvers + Pay progression,Mixed/Neutral,what’s youtube i’m going show bit hostler driver amazon transportation first inspect trailer inspect come back grab “tommy” phone document issues issue enter what’s wrong system put gloves part ppe parking policy methods two ways we’re allowed park trailer dock door parking slip amazon policy says we’re allowed “alley dock” either sturn ujturn sturn pull side parking slip dock door go two slips two dock doors crank wheel way right way left end angle back everyone technique benchmark 10 minutes five sometimes stopped rushing faster go end people’s work got tired trailer seal procedure get trailer cut seal open doors park trailer don’t throw seal away leave ground—you put bucket rfid bucket open open passengerside door first driverside close close driverside first passengerside working conditions heat equipment gets really hot ac hostler vehicles isn’t great small fan top doesn’t work well it’s hot i’m going fast anymore—i used fiveminute moves heat sweat lot slow try get inside there’s ac hydration matters pay notes i’m california starting pay around mid20s per hour pay increase every six months california expensive matters,what’s youtube i’m going show bit hostler driver amazon transportation first inspect trailer inspect come back grab “tommy” phone document issues issue enter what’s wrong system put gloves part ppe parking policy methods two ways we’re allowed park trailer dock door parking slip amazon policy says we’re allowed “alley dock” either sturn ujturn sturn pull side parking slip dock door go two slips two dock doors crank wheel way right way left end angle back everyone technique benchmark 10 minutes five sometimes stopped rushing faster go end people’s work got tired trailer seal procedure get trailer cut seal open doors park trailer don’t throw seal away leave ground—you put bucket rfid bucket open open passengerside door first driverside close close driverside first passengerside working conditions heat equipment gets really hot ac hostler vehicles isn’t great small fan top doesn’t work well it’s hot i’m going fast anymore—i used fiveminute moves heat sweat lot slow try get inside there’s ac hydration matters pay notes i’m california starting pay around mid20s per hour pay increase every six months california expensive matters,0.05170068027210884,0.4659863945578231,neutral
